run,enqueue_ms,wall_ms
0,0.367958,2.512000
1,0.377459,2.868334
2,0.370750,2.572875
3,0.406583,2.613833
4,0.398500,2.749542
5,0.388250,2.571292
6,0.387417,2.530333
7,0.390166,2.666333
8,0.384250,2.597792
9,0.405708,2.550917
10,0.408292,2.637292
11,0.433459,2.670334
12,0.395334,2.636542
13,0.399167,2.547459
14,0.402208,2.598708
15,0.409667,2.564458
16,0.403584,2.605334
17,0.399000,2.586000
18,0.365167,2.471292
19,0.412958,2.336958
20,0.368542,2.152500
21,0.371084,2.248459
22,0.351917,2.289292
23,0.349959,2.366334
24,0.349583,2.155625
25,0.332750,2.129833
26,0.329084,2.027667
27,0.316541,1.981083
28,0.322042,2.002500
29,0.317583,2.019417
30,0.319500,2.110084
31,0.315500,2.006625
32,0.309166,2.066750
33,0.310667,2.001292
34,0.315041,1.915875
35,0.344416,1.937666
36,0.317375,1.999917
37,0.312125,2.004416
38,0.318084,1.914125
39,0.312958,1.914541
40,0.306875,1.938000
41,0.318000,2.020042
42,0.307542,1.960542
43,0.310417,2.025833
44,0.311708,1.984958
45,0.313792,2.010958
46,0.314625,2.002250
47,0.313208,1.994083
48,0.309375,1.911625
49,0.312708,1.894208
50,0.314125,2.087750
51,0.356625,2.660000
52,0.311875,2.018125
53,0.317959,1.958250
54,0.318541,1.918875
55,0.328625,1.919708
56,0.311250,2.009125
57,0.315792,2.099792
58,0.315583,1.987708
59,0.312042,1.993292
60,0.309375,1.901208
61,0.307959,2.043292
62,0.312541,1.945000
63,0.309458,2.010708
64,0.309125,1.998666
65,0.314292,2.009709
66,0.306000,1.920083
67,0.413708,2.829375
68,0.345042,2.033000
69,0.337917,2.008042
70,0.319333,2.007500
71,0.317084,1.948750
72,0.320208,2.012666
73,0.334791,1.922083
74,0.316417,1.942750
75,0.316958,1.992500
76,0.322500,2.003750
77,0.314208,1.936875
78,0.338875,1.937042
79,0.306625,1.993875
80,0.309292,1.898167
81,0.313500,1.918208
82,0.311250,1.983292
83,0.315500,1.994750
84,0.337166,2.015083
85,0.309834,2.011542
86,0.308250,1.996000
87,0.316917,1.997500
88,0.308834,2.000834
89,0.298250,2.001000
90,0.348625,2.018250
91,0.333791,2.006250
92,0.318500,1.978042
93,0.350625,2.009417
94,0.312250,1.968250
95,0.307583,1.997042
96,0.307041,1.999083
97,0.313167,1.909208
98,0.331250,1.906417
99,0.336083,1.904333
100,0.332584,2.010542
101,0.316750,1.949875
102,0.309084,1.905625
103,0.314667,1.940625
104,0.345834,1.944750
105,0.321584,1.920709
106,0.309167,1.925167
107,0.321583,1.905125
108,0.319208,1.937292
109,0.314209,1.996625
110,0.307750,2.007417
111,0.316833,2.005417
112,0.313833,1.898750
113,0.337250,2.018500
114,0.310458,2.001708
115,0.316583,2.004542
116,0.316375,1.928916
117,0.373792,1.962333
118,0.368125,2.085875
119,0.327291,2.016333
120,0.325250,2.019459
121,0.317000,1.999625
122,0.320250,1.959291
123,0.311334,1.998459
124,0.314958,1.956416
125,0.310583,1.920583
126,0.312417,2.007125
127,0.337584,1.949250
128,0.332250,1.953000
129,0.328458,1.914042
130,0.331834,1.923584
131,0.313417,1.919459
132,0.311125,1.975917
133,0.308125,1.978333
134,0.328334,2.000292
135,0.311000,1.998417
136,0.311750,1.997417
137,0.315208,2.005333
138,0.311416,1.997666
139,0.315000,1.911625
140,0.314709,2.004875
141,0.311083,2.000917
142,0.310417,1.914542
143,0.358792,2.034625
144,0.315541,2.036333
145,0.322125,1.903792
146,0.322250,2.014958
147,0.319167,1.939709
148,0.316833,2.012375
149,0.314416,2.009083
150,0.309208,1.939875
151,0.313375,1.927208
152,0.330708,1.898416
153,0.350125,1.917833
154,0.328667,1.970834
155,0.314750,1.912834
156,0.340125,1.927750
157,0.316750,1.899209
158,0.325083,2.002458
159,0.331208,2.003500
160,0.307625,1.896750
161,0.314709,1.930084
162,0.327292,2.026250
163,0.309916,1.906708
164,0.309500,2.014416
165,0.316750,1.918208
166,0.315000,2.028166
167,0.321208,2.015167
168,0.309500,2.009000
169,0.344375,2.021833
170,0.308209,1.914250
171,0.317750,1.914917
172,0.322375,1.918250
173,0.310209,2.003167
174,0.312917,1.938542
175,0.316791,1.942458
176,0.305791,1.916416
177,0.316917,1.914833
178,0.311792,1.927750
179,0.309291,2.009375
180,0.317000,2.023083
181,0.313583,1.894916
182,0.327458,1.910542
183,0.318917,1.917209
184,0.319209,2.015917
185,0.315167,1.956834
186,0.327708,2.260333
187,0.332250,2.043667
188,0.322416,2.056666
189,0.316792,1.999375
190,0.318750,1.959042
191,0.325167,2.021375
192,0.316084,2.004250
193,0.312125,2.007375
194,0.312250,1.912250
195,0.403542,1.955459
196,0.351333,1.917416
197,0.317250,2.019250
198,0.309875,2.009958
199,0.323041,1.927958
